geo,year,geo_label,nuts_level,country_code,country_name,is_el_regional_unit,receipts,expenditure_per_overnight_stay,hotels_foreign_arrivals,hotels_domestic_arrivals,hotels_foreign_overnights,hotels_domestic_overnights,hotels_occupancy,hotels_total_arrivals,hotels_total_overnights,hotels_avg_duration_of_stay_foreign,hotels_avg_duration_of_stay_domestic,hotels_avg_duration_of_stay_total,hotels_total_arrivals_per_person,hotels_total_arrivals_per_km2,units,rooms,guest_beds,guest_beds_per_person,guest_beds_per_km2,short_stay_total_arrivals,short_stay_total_overnights,short_stay_total_arrivals_per_person,short_stay_total_arrivals_per_km2,STR_accommodation_beds,employment_accommodation_catering,employment_other,employment_total,employment_total_greece,turnover_catering,turnover_accommodation,turnover_total,population,land_area
EL30,2016,Attiki,2,EL,Greece,0,13872.8,560.096,20244104.0,9530792.0,45369000.0,18661584.0,0.0,29774896.0,64030584.0,17.929,15.664,17.204,7.874,7811.897,5192.0,253608.0,472176.0,0.125,123.883,,,,,,780378.2,10101632.82,10882011.02,29388474.1,,,,30250192.0,30491.848
EL30,2017,Attiki,2,EL,Greece,0,16665.304,566.137,23252360.0,9604168.0,51785168.0,18883504.0,0.0,32856528.0,70668672.0,17.817,15.729,17.207,8.707,8620.41,5184.0,255152.0,479000.0,0.127,125.673,,,,,,733313.52,10194604.64,10927918.16,30021600.0,,,,30188472.0,30491.848
EL30,2018,Attiki,2,EL,Greece,0,18231.32,580.883,27398896.0,10617360.0,60610392.0,20768000.0,0.0,38016256.0,81378392.0,17.697,15.648,17.125,10.12,9974.143,5192.0,258000.0,488232.0,0.13,128.095,,,,,,785170.3,10243049.14,11028219.44,30624168.94,,,,30051624.0,30491.848
EL30,2019,Attiki,2,EL,Greece,0,20734.174,609.326,27669392.0,11090552.0,60831600.0,21255176.0,0.0,38759944.0,82086776.0,17.588,15.332,16.943,10.357,10169.261,5400.0,265016.0,503192.0,0.134,132.02,,,,,868592.0,913995.14,10624935.66,11538930.8,31288239.94,19578984.0,13398424.0,32977408.0,29937880.0,30491.848
EL30,2020,Attiki,2,EL,Greece,0,12178.544,976.957,11896336.0,9411184.0,28644848.0,18867168.0,0.0,21307520.0,47512016.0,38.526,32.076,35.677,5.699,5590.352,11024.0,539984.0,1035392.0,0.277,271.651,2174544.0,6155632.0,0.582,570.525,1738592.0,1807508.36,21739869.68,23547378.04,62007664.08,29575568.0,11713744.0,41289312.0,59822416.0,60983.696
EL30,2021,Attiki,2,EL,Greece,0,23458.743,1094.591,23499360.0,12743488.0,53088592.0,25728400.0,0.0,36242848.0,78816992.0,36.146,32.303,34.795,9.699,9508.862,11168.0,547312.0,1050224.0,0.281,275.542,2957024.0,7897760.0,0.791,775.82,1551728.0,1705932.354,22393628.586,24099560.939,62847686.765,38980080.0,20395792.0,59375872.0,59787792.0,60983.696
EL30,2022,Attiki,2,EL,Greece,0,45587.642,1297.486,50752640.0,19323616.0,116561968.0,37965152.0,0.0,70076256.0,154527120.0,36.747,31.435,35.282,18.404,18385.571,11168.0,553232.0,1068832.0,0.281,280.424,4291104.0,10178928.0,1.127,1125.836,1665008.0,1653506.205,23552464.148,25205970.353,66250130.699,59176752.0,35737984.0,94914736.0,60923168.0,60983.696
EL30,2023,Attiki,2,EL,Greece,0,60590.199,1366.253,60479520.0,22386048.0,137164624.0,44072800.0,0.0,82865568.0,181237424.0,36.287,31.5,34.994,21.832,21741.042,11168.0,557232.0,1078368.0,0.284,282.926,6153312.0,16857888.0,1.621,1614.415,1823968.0,1546656.1,23473849.362,25020505.462,67095366.051,70537264.0,42106432.0,112643696.0,60728576.0,60983.696
EL30,2024,Attiki,2,EL,Greece,0,76014.4,1589.677,62185472.0,23016352.0,140474128.0,45076928.0,0.0,85201824.0,185551056.0,36.143,31.336,34.845,22.513,22353.994,11440.0,570304.0,1102944.0,0.291,289.374,6794976.0,17870720.0,1.795,1782.765,2082736.0,1666612.676,23741771.546,25408384.222,68415246.66,71435888.0,45950688.0,117386576.0,60553040.0,60983.696
EL41,2016,Voreio Aigaio,2,EL,Greece,0,130.766,53.197,187936.0,98524.0,1183055.0,347730.0,0.0,286460.0,1530785.0,6.295,3.529,5.344,1.457,74.433,382.0,11617.0,21944.0,0.112,5.702,,,,,,7784.265,59584.317,67368.582,3673559.262,,,,196654.0,3848.57
EL41,2017,Voreio Aigaio,2,EL,Greece,0,166.819,51.852,228977.0,114122.0,1354165.0,396506.0,0.0,343099.0,1750671.0,5.914,3.474,5.103,1.684,89.15,391.0,11777.0,22253.0,0.109,5.782,,,,,,8220.85,61153.143,69373.993,3752673.835,,,,203700.0,3848.57
EL41,2018,Voreio Aigaio,2,EL,Greece,0,164.188,52.739,258360.0,130688.0,1609213.0,450839.0,0.0,389048.0,2060052.0,6.229,3.45,5.295,1.843,101.089,392.0,11924.0,22752.0,0.108,5.912,,,,,,8269.798,62679.7,70949.498,3828021.117,,,,211137.0,3848.57
EL41,2019,Voreio Aigaio,2,EL,Greece,0,165.309,56.962,263527.0,138263.0,1538153.0,467553.0,0.0,401790.0,2005706.0,5.837,3.382,4.992,1.817,104.4,387.0,12006.0,23006.0,0.104,5.978,,,,,13530.0,9143.823,65672.922,74816.745,3911029.993,120023.0,83427.0,203450.0,221098.0,3848.57
EL41,2020,Voreio Aigaio,2,EL,Greece,0,24.556,42.267,29642.0,63956.0,203476.0,295033.0,0.0,93598.0,498509.0,6.864,4.613,5.326,0.408,24.32,387.0,12079.0,23124.0,0.101,6.008,39987.0,222841.0,0.174,10.39,14049.0,8717.447,64095.9,72813.348,3875479.005,45917.0,24257.0,70174.0,229516.0,3848.57
EL41,2021,Voreio Aigaio,2,EL,Greece,0,67.845,53.43,92799.0,90044.0,615187.0,327640.0,0.0,182843.0,942827.0,6.629,3.639,5.156,0.798,47.509,383.0,11909.0,22810.0,0.1,5.927,68338.0,409478.0,0.298,17.757,13713.0,6643.223,65277.125,71920.348,3927980.423,61753.0,39622.0,101375.0,229155.0,3848.57
EL41,2022,Voreio Aigaio,2,EL,Greece,0,125.142,58.362,221519.0,132338.0,1328072.0,449159.0,0.0,353857.0,1777231.0,5.995,3.394,5.022,1.818,91.945,381.0,12153.0,23427.0,0.12,6.087,138776.0,767168.0,0.713,36.059,15460.0,9994.71,64569.99,74564.7,4140633.169,153079.0,95862.0,248941.0,194597.0,3848.57
EL41,2023,Voreio Aigaio,2,EL,Greece,0,148.51,72.916,268170.0,149468.0,1508312.0,509527.0,0.0,417638.0,2017839.0,5.624,3.409,4.832,2.144,108.518,374.0,11921.0,23143.0,0.119,6.013,156460.0,820491.0,0.803,40.654,16675.0,7256.751,68541.623,75798.375,4193460.378,192784.0,102755.0,295539.0,194784.0,3848.57
EL41,2024,Voreio Aigaio,2,EL,Greece,0,196.9,64.118,334687.0,144267.0,1686031.0,492003.0,0.0,478954.0,2178034.0,5.038,3.41,4.547,2.383,124.45,374.0,11884.0,23102.0,0.115,6.003,153388.0,804439.0,0.763,39.856,19855.0,7548.813,70674.947,78223.76,4275952.916,218010.0,137613.0,355623.0,201007.0,3848.57
EL42,2016,Notio Aigaio,2,EL,Greece,0,3136.096,78.41,2933974.0,367306.0,17618576.0,1215173.0,0.0,3301280.0,18833749.0,10.093,6.687,9.759,9.861,621.013,2068.0,99687.0,195247.0,0.583,36.728,,,,,,30073.882,99712.075,129785.957,3673559.262,,,,334791.0,5315.96
EL42,2017,Notio Aigaio,2,EL,Greece,0,3653.472,79.062,3323048.0,375643.0,20054482.0,1255562.0,0.0,3698691.0,21310044.0,10.161,6.738,9.844,10.93,695.771,2097.0,104053.0,205073.0,0.606,38.577,,,,,,32318.873,95402.862,127721.735,3752673.835,,,,338383.0,5315.96
EL42,2018,Notio Aigaio,2,EL,Greece,0,4414.1,86.408,4877492.0,641703.0,27902129.0,1925772.0,0.0,5519195.0,29827901.0,9.948,6.04,9.566,16.191,1038.231,2120.0,108991.0,216954.0,0.636,40.812,,,,,,35100.48,96469.32,131569.8,3828021.117,,,,340870.0,5315.96
EL42,2019,Notio Aigaio,2,EL,Greece,0,5174.796,97.328,5127923.0,628293.0,28701778.0,1891046.0,0.0,5756216.0,30592824.0,9.894,6.075,9.541,16.732,1082.818,2154.0,111512.0,223681.0,0.65,42.077,,,,,150441.0,36836.12,96136.79,132972.91,3911029.993,653026.0,1968704.0,2621730.0,344027.0,5315.96
EL42,2020,Notio Aigaio,2,EL,Greece,0,1256.627,92.211,1325308.0,278192.0,7342324.0,887634.0,0.0,1603500.0,8229958.0,9.811,6.42,9.28,4.614,301.639,2195.0,113515.0,228534.0,0.658,42.99,,,,,166381.0,27135.96,90499.832,117635.792,3875479.005,306127.0,538378.0,844505.0,347512.0,5315.96
EL42,2021,Notio Aigaio,2,EL,Greece,0,3121.259,104.342,2887263.0,366643.0,15315940.0,1206721.0,0.0,3253906.0,16522661.0,9.473,6.618,9.18,9.354,612.101,2241.0,115210.0,232862.0,0.669,43.804,,,,,169638.0,26801.558,90631.303,117432.861,3927980.423,667972.0,1531967.0,2199939.0,347848.0,5315.96
EL42,2022,Notio Aigaio,2,EL,Greece,0,4706.8,91.6,4846585.0,575556.0,26835038.0,1643699.0,0.0,5422141.0,28478737.0,9.835,5.724,9.477,16.549,1019.974,2256.0,115760.0,233934.0,0.714,44.006,,,,,199168.0,30288.346,95818.195,126106.541,4140633.169,1092854.0,2676947.0,3769801.0,327647.0,5315.96
EL42,2023,Notio Aigaio,2,EL,Greece,0,5340.8,105.5,5240993.0,661181.0,28126513.0,1827779.0,0.0,5902174.0,29954292.0,9.664,5.536,9.278,18.058,1110.274,2267.0,116828.0,236011.0,0.722,44.397,,,,,203058.0,34496.591,97532.088,132028.68,4193460.378,1139204.0,2752529.0,3891733.0,326841.0,5315.96
EL42,2024,Notio Aigaio,2,EL,Greece,0,5687.4,110.9,5528505.0,664780.0,30600629.0,1847309.0,0.0,6193285.0,32447938.0,9.803,5.571,9.404,18.925,1165.036,2300.0,118059.0,239047.0,0.73,44.968,,,,,218687.0,40871.137,95411.049,136282.187,4275952.916,1188769.0,3002555.0,4191324.0,327246.0,5315.96
EL43,2016,Kriti,2,EL,Greece,0,3095.02,78.599,3334850.0,372011.0,21839443.0,968291.0,0.0,3706861.0,22807734.0,6.549,2.603,6.153,5.867,444.387,1568.0,89845.0,171516.0,0.271,20.562,,,,,,34984.613,185553.675,220538.288,3673559.262,,,,631812.0,8341.512
EL43,2017,Kriti,2,EL,Greece,0,3259.913,80.95,3654789.0,339135.0,23573083.0,900830.0,0.0,3993924.0,24473913.0,6.45,2.656,6.128,6.313,478.801,1577.0,90889.0,174275.0,0.275,20.892,,,,,,35071.86,199731.905,234803.765,3752673.835,,,,632674.0,8341.512
EL43,2018,Kriti,2,EL,Greece,0,3133.867,71.518,4687528.0,435829.0,27871922.0,1131173.0,0.0,5123357.0,29003095.0,5.946,2.595,5.661,8.087,614.2,1598.0,94288.0,182296.0,0.288,21.854,,,,,,38854.545,208400.605,247255.15,3828021.117,,,,633506.0,8341.512
EL43,2019,Kriti,2,EL,Greece,0,3600.87,83.245,4573656.0,460130.0,26760215.0,1202326.0,0.0,5033786.0,27962541.0,5.851,2.613,5.555,7.928,603.462,1619.0,96367.0,187599.0,0.295,22.49,,,,,110711.0,39913.278,213071.192,252984.47,3911029.993,444845.0,1409049.0,1853894.0,634930.0,8341.512
EL43,2020,Kriti,2,EL,Greece,0,861.419,81.965,1201049.0,209568.0,6561087.0,522044.0,0.0,1410617.0,7083131.0,5.463,2.491,5.021,2.216,169.108,1634.0,97456.0,190550.0,0.299,22.844,188221.0,1042636.0,0.296,22.564,133201.0,30447.46,201045.515,231492.975,3875479.005,268272.0,422972.0,691244.0,636504.0,8341.512
EL43,2021,Kriti,2,EL,Greece,0,2395.028,89.127,2670637.0,300162.0,14639324.0,799484.0,0.0,2970799.0,15438808.0,5.482,2.664,5.197,4.665,356.146,1644.0,98493.0,193819.0,0.304,23.235,414118.0,2512618.0,0.65,49.645,129564.0,26819.075,203830.331,230649.405,3927980.423,419925.0,1143579.0,1563504.0,636766.0,8341.512
EL43,2022,Kriti,2,EL,Greece,0,3660.834,87.391,4426074.0,442046.0,25636639.0,1190635.0,0.0,4868120.0,26827274.0,5.792,2.693,5.511,7.803,583.602,1650.0,99498.0,195979.0,0.314,23.494,1023381.0,5156661.0,1.64,122.685,143938.0,35555.099,214964.026,250519.125,4140633.169,666351.0,1834105.0,2500456.0,623900.0,8341.512
EL43,2023,Kriti,2,EL,Greece,0,5196.329,113.365,4868816.0,504586.0,27688474.0,1341093.0,0.0,5373402.0,29029567.0,5.687,2.658,5.402,8.63,644.176,1643.0,99547.0,196586.0,0.316,23.567,937299.0,5265162.0,1.505,112.366,155235.0,42465.328,211036.113,253501.44,4193460.378,757912.0,2053191.0,2811103.0,622624.0,8341.512
EL43,2024,Kriti,2,EL,Greece,0,4568.7,97.819,4910238.0,513776.0,27567942.0,1381228.0,0.0,5424014.0,28949170.0,5.614,2.688,5.337,8.713,650.244,1643.0,99592.0,196877.0,0.316,23.602,998468.0,5541551.0,1.604,119.699,163816.0,46221.483,212241.18,258462.663,4275952.916,808589.0,2284555.0,3093144.0,622491.0,8341.512
EL51,2016,"Anatoliki Makedonia, Thraki",2,EL,Greece,0,288.351,53.262,268807.0,337191.0,999132.0,771074.0,0.0,605998.0,1770206.0,3.717,2.287,2.921,1.002,52.093,379.0,10833.0,21324.0,0.035,1.833,,,,,,16440.838,184220.335,200661.173,3673559.262,,,,604504.0,11632.985
EL51,2017,"Anatoliki Makedonia, Thraki",2,EL,Greece,0,282.011,52.026,296546.0,352469.0,1174954.0,798288.0,0.0,649015.0,1973242.0,3.962,2.265,3.04,1.077,55.791,382.0,11111.0,22048.0,0.037,1.895,,,,,,14918.703,190859.01,205777.712,3752673.835,,,,602799.0,11632.985
EL51,2018,"Anatoliki Makedonia, Thraki",2,EL,Greece,0,321.632,49.738,345988.0,369286.0,1365376.0,819982.0,0.0,715274.0,2185358.0,3.946,2.22,3.055,1.19,61.487,386.0,11234.0,22385.0,0.037,1.924,,,,,,17127.985,196237.877,213365.862,3828021.117,,,,601175.0,11632.985
EL51,2019,"Anatoliki Makedonia, Thraki",2,EL,Greece,0,439.819,43.244,356595.0,363602.0,1362429.0,789713.0,0.0,720197.0,2152142.0,3.821,2.172,2.988,1.201,61.91,386.0,11261.0,22364.0,0.037,1.922,,,,,25977.0,18323.417,196323.813,214647.23,3911029.993,217058.0,105379.0,322437.0,599723.0,11632.985
EL51,2020,"Anatoliki Makedonia, Thraki",2,EL,Greece,0,91.263,38.809,65060.0,179771.0,310766.0,481152.0,0.0,244831.0,791918.0,4.777,2.676,3.235,0.409,21.046,385.0,11290.0,22533.0,0.038,1.937,55642.0,244159.0,0.093,4.783,27141.0,14137.55,189455.908,203593.458,3875479.005,163764.0,44939.0,208703.0,598613.0,11632.985
EL51,2021,"Anatoliki Makedonia, Thraki",2,EL,Greece,0,134.151,52.844,141664.0,218454.0,714878.0,523553.0,0.0,360118.0,1238431.0,5.046,2.397,3.439,0.605,30.957,383.0,11184.0,22364.0,0.038,1.922,103014.0,456638.0,0.173,8.855,27039.0,11897.883,188407.529,200305.412,3927980.423,208417.0,78872.0,287289.0,594905.0,11632.985
EL51,2022,"Anatoliki Makedonia, Thraki",2,EL,Greece,0,366.536,62.218,305012.0,325594.0,1311845.0,725078.0,0.0,630606.0,2036923.0,4.301,2.227,3.23,1.125,54.208,381.0,11244.0,22487.0,0.04,1.933,186396.0,973433.0,0.332,16.023,30530.0,17867.711,195749.633,213617.344,4140633.169,303675.0,123061.0,426736.0,560787.0,11632.985
EL51,2023,"Anatoliki Makedonia, Thraki",2,EL,Greece,0,325.946,55.856,369921.0,352779.0,1535271.0,780080.0,0.0,722700.0,2315351.0,4.15,2.211,3.204,1.293,62.125,383.0,11412.0,22777.0,0.041,1.958,268249.0,1329624.0,0.48,23.059,33302.0,15102.731,207364.354,222467.084,4193460.378,353934.0,147773.0,501707.0,558835.0,11632.985
EL51,2024,"Anatoliki Makedonia, Thraki",2,EL,Greece,0,385.7,67.128,419337.0,367088.0,1614990.0,791611.0,0.0,786425.0,2406601.0,3.851,2.156,3.06,1.4,67.603,384.0,11432.0,22864.0,0.041,1.965,254038.0,1235431.0,0.452,21.838,39772.0,16782.945,208946.281,225729.226,4275952.916,366335.0,141478.0,507813.0,561834.0,11632.985
EL52,2016,Kentriki Makedonia,2,EL,Greece,0,1688.128,46.467,1338542.0,1091544.0,5934225.0,2433334.0,0.0,2430086.0,8367559.0,4.433,2.229,3.443,1.29,129.082,1195.0,45494.0,89788.0,0.048,4.769,,,,,,50565.005,568248.005,618813.01,3673559.262,,,,1883339.0,18825.972
EL52,2017,Kentriki Makedonia,2,EL,Greece,0,1851.925,45.41,1476417.0,1071127.0,6692506.0,2393495.0,0.0,2547544.0,9086001.0,4.533,2.235,3.567,1.355,135.321,1192.0,45825.0,90727.0,0.048,4.819,,,,,,48068.54,577914.963,625983.503,3752673.835,,,,1880122.0,18825.972
EL52,2018,Kentriki Makedonia,2,EL,Greece,0,2275.429,50.915,1840904.0,1237420.0,8016353.0,2725044.0,0.0,3078324.0,10741397.0,4.355,2.202,3.489,1.641,163.515,1186.0,46257.0,92290.0,0.049,4.902,,,,,,46840.807,595209.46,642050.268,3828021.117,,,,1875996.0,18825.972
EL52,2019,Kentriki Makedonia,2,EL,Greece,0,2249.791,55.131,1875158.0,1217009.0,8149029.0,2660314.0,0.0,3092167.0,10809343.0,4.346,2.186,3.496,1.65,164.25,1175.0,46221.0,93036.0,0.05,4.942,,,,,81165.0,48442.188,594249.13,642691.318,3911029.993,831837.0,750432.0,1582269.0,1873777.0,18825.972
EL52,2020,Kentriki Makedonia,2,EL,Greece,0,412.315,44.972,389180.0,574915.0,1486463.0,1286613.0,0.0,964095.0,2773076.0,3.819,2.238,2.876,0.515,51.211,1175.0,46400.0,93840.0,0.05,4.985,160092.0,607298.0,0.086,8.504,88335.0,45564.255,593255.343,638819.598,3875479.005,630873.0,227876.0,858749.0,1872102.0,18825.972
EL52,2021,Kentriki Makedonia,2,EL,Greece,0,1012.112,47.526,968014.0,690445.0,4218004.0,1574495.0,0.0,1658459.0,5792499.0,4.357,2.28,3.493,0.892,88.094,1162.0,46304.0,94174.0,0.051,5.002,409875.0,2273447.0,0.221,21.772,85910.0,44407.569,598619.374,643026.943,3927980.423,834631.0,579913.0,1414544.0,1858755.0,18825.972
EL52,2022,Kentriki Makedonia,2,EL,Greece,0,1510.981,44.538,1730733.0,1063013.0,7546534.0,2289238.0,0.0,2793746.0,9835772.0,4.36,2.154,3.521,1.56,148.398,1148.0,46334.0,94557.0,0.053,5.023,985499.0,5281296.0,0.55,52.348,95273.0,58050.983,624662.07,682713.053,4140633.169,1251220.0,868031.0,2119251.0,1791320.0,18825.972
EL52,2023,Kentriki Makedonia,2,EL,Greece,0,1514.835,46.939,1994772.0,1272281.0,8394574.0,2648999.0,0.0,3267053.0,11043573.0,4.208,2.082,3.38,1.833,173.54,1136.0,45496.0,92723.0,0.052,4.925,918802.0,5179653.0,0.515,48.805,103924.0,59176.722,644122.002,703298.724,4193460.378,1429257.0,1018034.0,2447291.0,1782592.0,18825.972
EL52,2024,Kentriki Makedonia,2,EL,Greece,0,1486.0,47.895,2126214.0,1297172.0,8922223.0,2740555.0,0.0,3423386.0,11662778.0,4.196,2.113,3.407,1.924,181.844,1127.0,45166.0,92057.0,0.052,4.89,1005601.0,5521922.0,0.565,53.416,116410.0,54286.4,672929.99,727216.39,4275952.916,1428702.0,1091148.0,2519850.0,1778896.0,18825.972
EL53,2017,Dytiki Makedonia,2,EL,Greece,0,225.312,196.445,74544.0,452420.0,203780.0,974012.0,0.0,526964.0,1177792.0,10.935,8.612,8.94,1.941,55.68,508.0,11812.0,25008.0,0.092,2.642,,,,,,23006.45,315093.58,338100.03,15010695.34,,,,1085952.0,37856.32
EL53,2018,Dytiki Makedonia,2,EL,Greece,0,60.552,46.016,23121.0,120417.0,71371.0,268788.0,0.0,143538.0,340159.0,3.087,2.232,2.37,0.533,15.167,122.0,2794.0,5927.0,0.022,0.626,,,,,,5830.355,80417.745,86248.1,3828021.117,,,,269222.0,9464.08
EL53,2019,Dytiki Makedonia,2,EL,Greece,0,75.594,49.743,24002.0,128496.0,54593.0,258210.0,0.0,152498.0,312803.0,2.275,2.009,2.051,0.571,16.113,125.0,2838.0,6466.0,0.024,0.683,,,,,1628.0,5753.228,81331.485,87084.712,3911029.993,69401.0,28775.0,98176.0,267008.0,9464.08
EL53,2020,Dytiki Makedonia,2,EL,Greece,0,26.861,41.74,4614.0,57564.0,18207.0,121843.0,0.0,62178.0,140050.0,3.946,2.117,2.252,0.235,6.57,125.0,2886.0,6644.0,0.025,0.702,4870.0,12276.0,0.018,0.515,1656.0,6906.735,80209.13,87115.865,3875479.005,54798.0,15090.0,69888.0,264670.0,9464.08
EL53,2021,Dytiki Makedonia,2,EL,Greece,0,37.859,37.768,9093.0,69463.0,22027.0,145642.0,0.0,78556.0,167669.0,2.422,2.097,2.134,0.3,8.3,124.0,2801.0,6346.0,0.024,0.671,6465.0,16051.0,0.025,0.683,1566.0,5734.956,83929.965,89664.921,3927980.423,66053.0,18197.0,84250.0,262052.0,9464.08
EL53,2022,Dytiki Makedonia,2,EL,Greece,0,48.694,50.15,17222.0,109168.0,35031.0,213787.0,0.0,126390.0,248818.0,2.034,1.958,1.969,0.498,13.355,122.0,2741.0,6140.0,0.024,0.649,14396.0,31008.0,0.057,1.521,1725.0,5293.318,83726.967,89020.285,4140633.169,100046.0,25792.0,125838.0,253875.0,9464.08
EL53,2023,Dytiki Makedonia,2,EL,Greece,0,50.749,55.284,23043.0,129912.0,44736.0,252331.0,0.0,152955.0,297067.0,1.941,1.942,1.942,0.611,16.162,120.0,2677.0,5820.0,0.023,0.615,20435.0,48410.0,0.082,2.159,2140.0,7602.768,86425.184,94027.952,4193460.378,115336.0,33852.0,149188.0,250279.0,9464.08
EL53,2024,Dytiki Makedonia,2,EL,Greece,0,47.2,60.158,21169.0,131713.0,39527.0,258093.0,0.0,152882.0,297620.0,1.867,1.96,1.947,0.618,16.154,118.0,2615.0,5679.0,0.023,0.6,18916.0,44938.0,0.076,1.999,2829.0,7190.477,91342.071,98532.548,4275952.916,116466.0,36419.0,152885.0,247270.0,9464.08
EL54,2016,Ipeiros,2,EL,Greece,0,217.829,60.142,93809.0,312982.0,327724.0,628900.0,0.0,406791.0,956624.0,3.494,2.009,2.352,1.208,44.411,411.0,8453.0,16831.0,0.05,1.837,,,,,,8721.85,97817.19,106539.04,3673559.262,,,,336834.0,9159.77
EL54,2017,Ipeiros,2,EL,Greece,0,216.381,59.392,118962.0,338619.0,420220.0,678982.0,0.0,457581.0,1099202.0,3.532,2.005,2.402,1.365,49.956,413.0,8528.0,17060.0,0.051,1.862,,,,,,12095.062,92539.45,104634.513,3752673.835,,,,335250.0,9159.77
EL54,2018,Ipeiros,2,EL,Greece,0,221.91,66.0,181522.0,438731.0,665317.0,885153.0,0.0,620253.0,1550470.0,3.665,2.018,2.5,1.855,67.715,431.0,8850.0,17931.0,0.054,1.958,,,,,,14450.885,94482.772,108933.657,3828021.117,,,,334337.0,9159.77
EL54,2019,Ipeiros,2,EL,Greece,0,261.328,65.291,195595.0,415864.0,707084.0,851901.0,0.0,611459.0,1558985.0,3.615,2.049,2.55,1.832,66.755,433.0,8947.0,18171.0,0.054,1.984,,,,,11946.0,13215.975,99532.205,112748.18,3911029.993,157162.0,83317.0,240479.0,333696.0,9159.77
EL54,2020,Ipeiros,2,EL,Greece,0,82.014,65.741,47091.0,222982.0,155309.0,483319.0,0.0,270073.0,638628.0,3.298,2.168,2.365,0.81,29.485,438.0,9129.0,18638.0,0.056,2.035,99360.0,372448.0,0.298,10.847,13558.0,10951.353,97801.478,108752.83,3875479.005,114075.0,38227.0,152302.0,333265.0,9159.77
EL54,2021,Ipeiros,2,EL,Greece,0,127.133,64.478,89034.0,251225.0,276790.0,526341.0,0.0,340259.0,803131.0,3.109,2.095,2.36,1.028,37.147,438.0,9160.0,18716.0,0.057,2.043,145361.0,627392.0,0.439,15.87,14290.0,9002.641,94872.055,103874.696,3927980.423,155075.0,68162.0,223237.0,330985.0,9159.77
EL54,2022,Ipeiros,2,EL,Greece,0,260.257,81.889,185681.0,406281.0,633696.0,829214.0,0.0,591962.0,1462910.0,3.413,2.041,2.471,1.854,64.626,435.0,9166.0,18799.0,0.059,2.052,322334.0,1500116.0,1.01,35.19,16818.0,11926.425,105906.577,117833.002,4140633.169,227526.0,106881.0,334407.0,319214.0,9159.77
EL54,2023,Ipeiros,2,EL,Greece,0,330.474,76.507,228390.0,480002.0,771233.0,970366.0,0.0,708392.0,1741599.0,3.377,2.022,2.459,2.224,77.337,434.0,9286.0,19026.0,0.06,2.077,257106.0,1134856.0,0.807,28.069,19579.0,13712.378,108326.982,122039.36,4193460.378,267183.0,122497.0,389680.0,318505.0,9159.77
EL54,2024,Ipeiros,2,EL,Greece,0,393.8,73.05,213716.0,505707.0,828796.0,1057472.0,0.0,719423.0,1886268.0,3.878,2.091,2.622,2.24,78.542,433.0,9259.0,19113.0,0.06,2.087,249574.0,1085145.0,0.777,27.247,22182.0,12555.253,111978.701,124533.954,4275952.916,268781.0,131257.0,400038.0,321108.0,9159.77
EL61,2016,Thessalia,2,EL,Greece,0,301.428,58.865,267390.0,546373.0,914046.0,1148698.0,0.0,813763.0,2062744.0,3.418,2.102,2.535,1.116,57.915,568.0,14826.0,29101.0,0.04,2.071,,,,,,23070.963,209585.528,232656.49,3673559.262,,,,729442.0,14050.895
EL61,2017,Thessalia,2,EL,Greece,0,289.679,57.63,352011.0,571823.0,1034225.0,1175494.0,0.0,923834.0,2209719.0,2.938,2.056,2.392,1.273,65.749,570.0,14928.0,29333.0,0.04,2.088,,,,,,26668.272,224246.528,250914.8,3752673.835,,,,725874.0,14050.895
EL61,2018,Thessalia,2,EL,Greece,0,270.452,64.133,475189.0,627866.0,1377229.0,1235173.0,0.0,1103055.0,2612402.0,2.898,1.967,2.368,1.528,78.504,552.0,14656.0,28824.0,0.04,2.051,,,,,,22002.057,231250.63,253252.688,3828021.117,,,,722065.0,14050.895
EL61,2019,Thessalia,2,EL,Greece,0,355.042,72.626,504240.0,641474.0,1377455.0,1284171.0,0.0,1145714.0,2661626.0,2.732,2.002,2.323,1.594,81.54,555.0,14753.0,29193.0,0.041,2.078,,,,,29668.0,20408.293,232839.655,253247.947,3911029.993,271923.0,132572.0,404495.0,718640.0,14050.895
EL61,2020,Thessalia,2,EL,Greece,0,86.761,63.55,77249.0,335063.0,227383.0,706410.0,0.0,412312.0,933793.0,2.944,2.108,2.265,0.577,29.344,552.0,14758.0,29200.0,0.041,2.078,134001.0,516020.0,0.187,9.537,33838.0,19322.868,232748.223,252071.09,3875479.005,198923.0,55269.0,254192.0,715115.0,14050.895
EL61,2021,Thessalia,2,EL,Greece,0,179.003,74.271,162299.0,393827.0,561466.0,867520.0,0.0,556126.0,1428986.0,3.459,2.203,2.57,0.783,39.579,549.0,14619.0,29137.0,0.041,2.074,171911.0,642515.0,0.242,12.235,32844.0,20407.55,237245.298,257652.848,3927980.423,261053.0,96858.0,357911.0,709808.0,14050.895
EL61,2022,Thessalia,2,EL,Greece,0,230.819,52.039,393909.0,546844.0,1295752.0,1118731.0,0.0,940753.0,2414483.0,3.289,2.046,2.567,1.37,66.953,548.0,14831.0,29379.0,0.043,2.091,287843.0,1159133.0,0.419,20.486,38446.0,25154.852,244426.769,269581.621,4140633.169,393444.0,157566.0,551010.0,686450.0,14050.895
EL61,2023,Thessalia,2,EL,Greece,0,253.432,62.166,437994.0,597423.0,1424864.0,1231517.0,0.0,1035417.0,2656381.0,3.253,2.061,2.566,1.52,73.69,532.0,14471.0,28696.0,0.042,2.042,330976.0,1380411.0,0.486,23.556,41571.0,22118.105,238005.362,260123.466,4193460.378,445318.0,178774.0,624092.0,681190.0,14050.895
EL61,2024,Thessalia,2,EL,Greece,0,239.7,59.48,474922.0,598321.0,1441211.0,1255742.0,0.0,1073243.0,2696953.0,3.035,2.099,2.513,1.581,76.383,534.0,14664.0,29120.0,0.043,2.072,313955.0,1307071.0,0.463,22.344,44798.0,19136.445,239487.386,258623.83,4275952.916,465778.0,191747.0,657525.0,678747.0,14050.895
EL62,2016,Ionia Nisia,2,EL,Greece,0,1503.643,69.959,1295209.0,195647.0,8505483.0,629070.0,0.0,1490856.0,9134553.0,6.567,3.215,6.127,7.232,646.711,930.0,47888.0,92350.0,0.448,40.06,,,,,,17434.983,58335.937,75770.92,3673559.262,,,,206141.0,2305.29
EL62,2017,Ionia Nisia,2,EL,Greece,0,1774.909,71.157,1514126.0,203680.0,9235127.0,649906.0,0.0,1717806.0,9885033.0,6.099,3.191,5.754,8.362,745.158,933.0,48121.0,93440.0,0.455,40.533,,,,,,19379.83,53806.565,73186.395,3752673.835,,,,205431.0,2305.29
EL62,2018,Ionia Nisia,2,EL,Greece,0,1691.081,68.294,1957792.0,291559.0,11916822.0,855589.0,0.0,2249351.0,12772411.0,6.087,2.935,5.678,10.996,975.735,965.0,50066.0,98223.0,0.48,42.608,,,,,,22373.088,55878.953,78252.04,3828021.117,,,,204562.0,2305.29
EL62,2019,Ionia Nisia,2,EL,Greece,0,1911.219,80.491,1988004.0,302206.0,11909411.0,881018.0,0.0,2290210.0,12790429.0,5.991,2.915,5.585,11.234,993.459,980.0,51445.0,101405.0,0.497,43.988,,,,,101816.0,19377.662,57809.987,77187.65,3911029.993,266349.0,626522.0,892871.0,203869.0,2305.29
EL62,2020,Ionia Nisia,2,EL,Greece,0,446.096,64.524,496897.0,130531.0,2954124.0,378008.0,0.0,627428.0,3332132.0,5.945,2.896,5.311,3.089,272.169,989.0,51830.0,102492.0,0.505,44.459,156541.0,1124857.0,0.771,67.905,112543.0,14633.132,57441.033,72074.165,3875479.005,134721.0,183562.0,318283.0,203149.0,2305.29
EL62,2021,Ionia Nisia,2,EL,Greece,0,1297.345,90.153,1142797.0,182589.0,6179313.0,589732.0,0.0,1325386.0,6769045.0,5.407,3.23,5.107,6.549,574.932,998.0,52230.0,103736.0,0.513,44.999,363996.0,2415771.0,1.799,157.896,114440.0,19177.211,53171.977,72349.189,3927980.423,248756.0,464546.0,713302.0,202371.0,2305.29
EL62,2022,Ionia Nisia,2,EL,Greece,0,2607.726,108.539,1864203.0,265106.0,11286712.0,771517.0,0.0,2129309.0,12058229.0,6.054,2.91,5.663,10.429,923.662,1011.0,52862.0,105496.0,0.517,45.763,633154.0,4342233.0,3.101,274.653,131300.0,21546.145,53142.914,74689.059,4140633.169,439385.0,833883.0,1273268.0,204166.0,2305.29
EL62,2023,Ionia Nisia,2,EL,Greece,0,2038.83,75.751,2243247.0,301667.0,12932665.0,876675.0,0.0,2544914.0,13809340.0,5.765,2.906,5.426,12.582,1103.945,1015.0,53434.0,106998.0,0.529,46.414,761647.0,5830040.0,3.766,330.391,142691.0,21294.179,54454.065,75748.244,4193460.378,507740.0,978142.0,1485882.0,202269.0,2305.29
EL62,2024,Ionia Nisia,2,EL,Greece,0,1983.6,80.37,2342430.0,332343.0,13403976.0,923921.0,0.0,2674773.0,14327897.0,5.722,2.78,5.357,13.331,1160.276,1024.0,54110.0,108306.0,0.54,46.982,819516.0,6092393.0,4.084,355.494,151662.0,23983.345,54167.316,78150.661,4275952.916,529491.0,1092656.0,1622147.0,200642.0,2305.29
EL63,2016,Dytiki Elláda,2,EL,Greece,0,145.532,53.081,196720.0,391912.0,894059.0,913719.0,0.0,588632.0,1807778.0,4.545,2.331,3.071,0.881,52.004,269.0,9686.0,18821.0,0.028,1.663,,,,,,16784.945,188638.642,205423.587,3673559.262,,,,668258.0,11319.013
EL63,2017,Dytiki Elláda,2,EL,Greece,0,158.84,56.354,231557.0,401926.0,992336.0,910576.0,0.0,633483.0,1902912.0,4.285,2.266,3.004,0.954,55.966,270.0,9708.0,18851.0,0.028,1.665,,,,,,18330.54,198482.99,216813.53,3752673.835,,,,663970.0,11319.013
EL63,2018,Dytiki Elláda,2,EL,Greece,0,211.785,66.526,290833.0,412311.0,1065944.0,906554.0,0.0,703144.0,1972498.0,3.665,2.199,2.805,1.066,62.121,273.0,9720.0,18973.0,0.029,1.676,,,,,,20440.905,197739.96,218180.865,3828021.117,,,,659470.0,11319.013
EL63,2019,Dytiki Elláda,2,EL,Greece,0,257.351,56.805,294102.0,410490.0,1103142.0,896131.0,0.0,704592.0,1999273.0,3.751,2.183,2.837,1.075,62.249,274.0,9974.0,19563.0,0.03,1.728,,,,,12147.0,18330.185,196352.743,214682.928,3911029.993,218878.0,67675.0,286553.0,655189.0,11319.013
EL63,2020,Dytiki Elláda,2,EL,Greece,0,69.791,52.722,52353.0,225759.0,215286.0,512514.0,0.0,278112.0,727800.0,4.112,2.27,2.617,0.427,24.57,275.0,9989.0,19621.0,0.03,1.733,33646.0,81146.0,0.052,2.973,13143.0,15414.045,201201.758,216615.803,3875479.005,177830.0,29006.0,206836.0,651065.0,11319.013
EL63,2021,Dytiki Elláda,2,EL,Greece,0,128.206,54.049,117597.0,256262.0,478776.0,582461.0,0.0,373859.0,1061237.0,4.071,2.273,2.839,0.578,33.029,276.0,9926.0,19535.0,0.03,1.726,36135.0,87010.0,0.056,3.192,12361.0,19711.847,210956.128,230667.975,3927980.423,215988.0,48592.0,264580.0,646670.0,11319.013
EL63,2022,Dytiki Elláda,2,EL,Greece,0,220.545,74.075,255870.0,412509.0,861283.0,879852.0,0.0,668379.0,1741135.0,3.366,2.133,2.605,1.033,59.049,272.0,9853.0,19447.0,0.03,1.718,60497.0,189203.0,0.094,5.345,14893.0,18232.797,222911.476,241144.273,4140633.169,312488.0,80035.0,392523.0,646764.0,11319.013
EL63,2023,Dytiki Elláda,2,EL,Greece,0,210.147,76.641,360637.0,483621.0,1117985.0,999656.0,0.0,844258.0,2117641.0,3.1,2.067,2.508,1.314,74.588,272.0,9911.0,19658.0,0.031,1.737,69993.0,203645.0,0.109,6.184,16553.0,21244.171,232832.489,254076.66,4193460.378,372057.0,89671.0,461728.0,642721.0,11319.013
EL63,2024,Dytiki Elláda,2,EL,Greece,0,260.9,89.285,360662.0,480148.0,1123758.0,953371.0,0.0,840810.0,2077129.0,3.116,1.986,2.47,1.313,74.283,273.0,9980.0,19869.0,0.031,1.755,72198.0,200617.0,0.113,6.378,18358.0,25271.342,234787.897,260059.239,4275952.916,382913.0,94886.0,477799.0,640243.0,11319.013
EL64,2016,Sterea Elláda,2,EL,Greece,0,117.2,63.523,189844.0,351387.0,678720.0,856594.0,0.0,541231.0,1535314.0,3.575,2.438,2.837,0.974,34.796,525.0,15120.0,28905.0,0.052,1.858,,,,,,15213.688,163156.433,178370.12,3673559.262,,,,555830.0,15554.625
EL64,2017,Sterea Elláda,2,EL,Greece,0,113.165,56.226,244117.0,354539.0,821085.0,896582.0,0.0,598656.0,1717667.0,3.363,2.529,2.869,1.077,38.487,524.0,15212.0,29122.0,0.052,1.872,,,,,,17744.025,170225.925,187969.95,3752673.835,,,,555761.0,15554.625
EL64,2018,Sterea Elláda,2,EL,Greece,0,193.797,64.632,355892.0,421381.0,1046728.0,1117929.0,0.0,777273.0,2164657.0,2.941,2.653,2.785,1.399,49.971,527.0,15496.0,29728.0,0.054,1.911,,,,,,14799.637,176450.435,191250.072,3828021.117,,,,555623.0,15554.625
EL64,2019,Sterea Elláda,2,EL,Greece,0,180.126,60.486,377584.0,439819.0,1057580.0,1106013.0,0.0,817403.0,2163593.0,2.801,2.515,2.647,1.47,52.55,523.0,15385.0,29580.0,0.053,1.902,,,,,20365.0,17066.34,177102.03,194168.37,3911029.993,185480.0,59927.0,245407.0,555960.0,15554.625
EL64,2020,Sterea Elláda,2,EL,Greece,0,58.871,54.034,61171.0,247893.0,205096.0,594565.0,0.0,309064.0,799661.0,3.353,2.398,2.587,0.556,19.87,521.0,15382.0,29841.0,0.054,1.918,93726.0,360655.0,0.169,6.026,21929.0,16532.018,172320.545,188852.563,3875479.005,158633.0,33417.0,192050.0,556002.0,15554.625
EL64,2021,Sterea Elláda,2,EL,Greece,0,112.71,62.766,138869.0,286076.0,426602.0,675568.0,0.0,424945.0,1102170.0,3.072,2.361,2.594,0.768,27.32,511.0,15084.0,29451.0,0.053,1.893,105643.0,399641.0,0.191,6.792,21022.0,12881.056,179331.06,192212.116,3927980.423,187591.0,45597.0,233188.0,553235.0,15554.625
EL64,2022,Sterea Elláda,2,EL,Greece,0,216.912,73.234,310852.0,424468.0,862126.0,1057615.0,0.0,735320.0,1919741.0,2.773,2.492,2.611,1.45,47.273,507.0,14949.0,29354.0,0.058,1.887,146336.0,553739.0,0.289,9.408,23473.0,17199.054,191881.089,209080.143,4140633.169,268888.0,70305.0,339193.0,506991.0,15554.625
EL64,2023,Sterea Elláda,2,EL,Greece,0,166.154,67.7,383552.0,487212.0,1036187.0,1191869.0,0.0,870764.0,2228056.0,2.702,2.446,2.559,1.728,55.981,493.0,14636.0,28778.0,0.057,1.85,148815.0,683914.0,0.295,9.567,25199.0,17967.328,196994.486,214961.814,4193460.378,319195.0,88806.0,408001.0,503941.0,15554.625
EL64,2024,Sterea Elláda,2,EL,Greece,0,219.3,98.8,376131.0,499778.0,1016463.0,1207968.0,0.0,875909.0,2224431.0,2.702,2.417,2.54,1.734,56.312,493.0,14728.0,28957.0,0.057,1.862,142477.0,646579.0,0.282,9.16,26904.0,19122.178,193345.969,212468.147,4275952.916,333671.0,91054.0,424725.0,505073.0,15554.625
EL65,2016,Peloponnisos,2,EL,Greece,0,323.517,56.165,347843.0,635952.0,1343328.0,1460924.0,0.0,983795.0,2804252.0,3.862,2.297,2.85,1.693,63.457,660.0,19082.0,37614.0,0.065,2.426,,,,,,17157.21,179129.65,196286.86,3673559.262,,,,581026.0,15503.448
EL65,2017,Peloponnisos,2,EL,Greece,0,307.263,58.934,464780.0,669096.0,1597958.0,1493979.0,0.0,1133876.0,3091937.0,3.438,2.233,2.727,1.958,73.137,659.0,19128.0,37733.0,0.065,2.434,,,,,,20459.33,184519.833,204979.163,3752673.835,,,,579182.0,15503.448
EL65,2018,Peloponnisos,2,EL,Greece,0,415.478,62.817,657247.0,887776.0,2128893.0,1927132.0,0.0,1545023.0,4056025.0,3.239,2.171,2.625,2.679,99.657,672.0,19447.0,38461.0,0.067,2.481,,,,,,17489.39,190696.298,208185.688,3828021.117,,,,576749.0,15503.448
EL65,2019,Peloponnisos,2,EL,Greece,0,416.898,64.473,655289.0,837452.0,2080501.0,1856367.0,0.0,1492741.0,3936868.0,3.175,2.217,2.637,2.599,96.284,685.0,19853.0,39384.0,0.069,2.54,,,,,52346.0,20796.47,190634.712,211431.182,3911029.993,310022.0,125258.0,435280.0,574447.0,15503.448
EL65,2020,Peloponnisos,2,EL,Greece,0,132.197,47.793,119647.0,482787.0,350747.0,1107260.0,0.0,602434.0,1458007.0,2.932,2.293,2.42,1.053,38.858,687.0,19831.0,39521.0,0.069,2.549,140917.0,425996.0,0.246,9.089,55755.0,20903.172,193027.22,213930.392,3875479.005,252101.0,66658.0,318759.0,572151.0,15503.448
EL65,2021,Peloponnisos,2,EL,Greece,0,249.598,60.979,242308.0,563169.0,804225.0,1346893.0,0.0,805477.0,2151118.0,3.319,2.392,2.671,1.415,51.955,681.0,19777.0,39341.0,0.069,2.538,234639.0,628876.0,0.412,15.135,53226.0,14362.239,197638.911,212001.15,3927980.423,313929.0,104261.0,418190.0,569345.0,15503.448
EL65,2022,Peloponnisos,2,EL,Greece,0,452.963,56.327,499891.0,752843.0,1729660.0,1712165.0,0.0,1252734.0,3441825.0,3.46,2.274,2.747,2.328,80.804,678.0,19867.0,39823.0,0.074,2.569,340018.0,926477.0,0.632,21.932,60575.0,22230.776,194160.098,216390.875,4140633.169,455922.0,157705.0,613627.0,538218.0,15503.448
EL65,2023,Peloponnisos,2,EL,Greece,0,383.193,69.169,589386.0,882058.0,1992593.0,1966991.0,0.0,1471444.0,3959584.0,3.381,2.23,2.691,2.756,94.911,680.0,19943.0,40134.0,0.075,2.589,489237.0,1457170.0,0.916,31.557,65511.0,23494.125,198112.863,221606.988,4193460.378,539344.0,182369.0,721713.0,533865.0,15503.448
EL65,2024,Peloponnisos,2,EL,Greece,0,371.5,69.142,595017.0,930869.0,2018211.0,2108429.0,0.0,1525886.0,4126640.0,3.392,2.265,2.704,2.87,98.422,686.0,20230.0,40929.0,0.077,2.64,487182.0,1441301.0,0.916,31.424,69191.0,23849.415,205796.882,229646.297,4275952.916,544984.0,199875.0,744859.0,531598.0,15503.448
